{
  "lambada_openai": {
    "alias": "lambada_openai",
    "perplexity,none": 10.821370565920935,
    "perplexity_stderr,none": 0.3269613231219481,
    "acc,none": 0.5148457209392587,
    "acc_stderr,none": 0.006962906440875393
  }
}