{
  "lambada_openai": {
    "alias": "lambada_openai",
    "perplexity,none": 15.669092681486315,
    "perplexity_stderr,none": 0.49045718647295705,
    "acc,none": 0.4539103434892296,
    "acc_stderr,none": 0.006936319475444726
  }
}