{
  "lambada_openai": {
    "alias": "lambada_openai",
    "perplexity,none": 10.657607244105597,
    "perplexity_stderr,none": 0.31466023121257125,
    "acc,none": 0.5257131767902193,
    "acc_stderr,none": 0.006956760203359621
  }
}