{
  "lambada_openai": {
    "alias": "lambada_openai",
    "perplexity,none": 11.291174552547494,
    "perplexity_stderr,none": 0.33643560446995935,
    "acc,none": 0.5084416844556569,
    "acc_stderr,none": 0.006964984766924165
  }
}