{
  "lambada_openai": {
    "alias": "lambada_openai",
    "perplexity,none": 15.053328323957077,
    "perplexity_stderr,none": 0.4839970167813667,
    "acc,none": 0.46050844168445565,
    "acc_stderr,none": 0.006944215621241694
  }
}