{
  "lambada_openai": {
    "alias": "lambada_openai",
    "perplexity,none": 10.780493025105052,
    "perplexity_stderr,none": 0.32049528549090467,
    "acc,none": 0.5163982146322531,
    "acc_stderr,none": 0.006962230326368326
  }
}