{
  "lambada_openai": {
    "alias": "lambada_openai",
    "perplexity,none": 11.288376466754793,
    "perplexity_stderr,none": 0.3397941345094968,
    "acc,none": 0.5138754123811372,
    "acc_stderr,none": 0.006963294862063176
  }
}