{
  "lambada_openai": {
    "alias": "lambada_openai",
    "perplexity,none": 11.203960030872112,
    "perplexity_stderr,none": 0.33336981442920405,
    "acc,none": 0.5092179313021541,
    "acc_stderr,none": 0.006964793754756417
  }
}