{
  "lambada_openai": {
    "alias": "lambada_openai",
    "perplexity,none": 4769.57368032937,
    "perplexity_stderr,none": 192.20710800600068,
    "acc,none": 0.038230157189986416,
    "acc_stderr,none": 0.002671472403787126
  }
}