{
  "lambada_openai": {
    "alias": "lambada_openai",
    "perplexity,none": 11.00834504915329,
    "perplexity_stderr,none": 0.3288139873901807,
    "acc,none": 0.5115466718416456,
    "acc_stderr,none": 0.00696411992274735
  }
}