{
  "lambada_openai": {
    "alias": "lambada_openai",
    "perplexity,none": 10.624784266837185,
    "perplexity_stderr,none": 0.3153222225529522,
    "acc,none": 0.5233844362507277,
    "acc_stderr,none": 0.00695835504960445
  }
}