{
  "lambada_openai": {
    "alias": "lambada_openai",
    "perplexity,none": 26.044212294585297,
    "perplexity_stderr,none": 0.9273185403212268,
    "acc,none": 0.38870560838346596,
    "acc_stderr,none": 0.006791218160120512
  }
}