{
  "lambada_openai": {
    "alias": "lambada_openai",
    "perplexity,none": 16.458305661823168,
    "perplexity_stderr,none": 0.5214369298490339,
    "acc,none": 0.43528041917329713,
    "acc_stderr,none": 0.006907375433266105
  }
}