{
  "lambada_openai": {
    "alias": "lambada_openai",
    "perplexity,none": 10.443386346917029,
    "perplexity_stderr,none": 0.31079438142196,
    "acc,none": 0.5264894236367165,
    "acc_stderr,none": 0.006956194880237214
  }
}