{
  "lambada_openai": {
    "alias": "lambada_openai",
    "perplexity,none": 13.008271636126599,
    "perplexity_stderr,none": 0.3975820963556625,
    "acc,none": 0.47797399573064236,
    "acc_stderr,none": 0.006959215358336664
  }
}