{
  "lambada_openai": {
    "alias": "lambada_openai",
    "perplexity,none": 25.039859225023967,
    "perplexity_stderr,none": 0.8595164367169016,
    "acc,none": 0.3797787696487483,
    "acc_stderr,none": 0.00676161951037717
  }
}