{
  "lambada_openai": {
    "alias": "lambada_openai",
    "perplexity,none": 13.070547529173622,
    "perplexity_stderr,none": 0.40587386130877506,
    "acc,none": 0.47700368717252084,
    "acc_stderr,none": 0.00695860611528019
  }
}