{
  "lambada_openai": {
    "alias": "lambada_openai",
    "perplexity,none": 11.107982963451763,
    "perplexity_stderr,none": 0.33348476501418906,
    "acc,none": 0.5115466718416456,
    "acc_stderr,none": 0.00696411992274735
  }
}