{
  "lambada_openai": {
    "alias": "lambada_openai",
    "perplexity,none": 11.44692095334304,
    "perplexity_stderr,none": 0.34036837349402177,
    "acc,none": 0.5138754123811372,
    "acc_stderr,none": 0.006963294862063176
  }
}