{
  "lambada_openai": {
    "alias": "lambada_openai",
    "perplexity,none": 18.385933411533674,
    "perplexity_stderr,none": 0.5995593834843139,
    "acc,none": 0.4226664079177178,
    "acc_stderr,none": 0.006882153471156964
  }
}