{
  "lambada_openai": {
    "alias": "lambada_openai",
    "perplexity,none": 11.755326356584865,
    "perplexity_stderr,none": 0.3545461869150803,
    "acc,none": 0.5055307587812925,
    "acc_stderr,none": 0.006965551475495916
  }
}