{
  "lambada_openai": {
    "alias": "lambada_openai",
    "perplexity,none": 11.207637894767405,
    "perplexity_stderr,none": 0.3369527503921903,
    "acc,none": 0.5103823015718999,
    "acc_stderr,none": 0.00696447573936198
  }
}