{
  "lambada_openai": {
    "alias": "lambada_openai",
    "perplexity,none": 12.871441332851683,
    "perplexity_stderr,none": 0.40243057430353163,
    "acc,none": 0.4874830196002329,
    "acc_stderr,none": 0.006963794528807948
  }
}