{
  "lambada_openai": {
    "alias": "lambada_openai",
    "perplexity,none": 11.259944547770898,
    "perplexity_stderr,none": 0.33635796350426017,
    "acc,none": 0.5140694740927615,
    "acc_stderr,none": 0.006963219279097554
  }
}