{
  "lambada_openai": {
    "alias": "lambada_openai",
    "perplexity,none": 19.034006684156722,
    "perplexity_stderr,none": 0.6432252282721103,
    "acc,none": 0.430622938094314,
    "acc_stderr,none": 0.006898594792344194
  }
}