{
  "lambada_openai": {
    "alias": "lambada_openai",
    "perplexity,none": 11.879549152342708,
    "perplexity_stderr,none": 0.3569378966420904,
    "acc,none": 0.49466330293033184,
    "acc_stderr,none": 0.006965580859127809
  }
}