{
  "lambada_openai": {
    "alias": "lambada_openai",
    "perplexity,none": 13.692088391347182,
    "perplexity_stderr,none": 0.421131385613473,
    "acc,none": 0.4814671065398797,
    "acc_stderr,none": 0.00696119082972601
  }
}