{
  "lambada_openai": {
    "alias": "lambada_openai",
    "perplexity,none": 17.775503211206573,
    "perplexity_stderr,none": 0.5906053147521476,
    "acc,none": 0.43256355521055695,
    "acc_stderr,none": 0.006902328882708872
  }
}