{
  "lambada_openai": {
    "alias": "lambada_openai",
    "perplexity,none": 10.780485081560386,
    "perplexity_stderr,none": 0.32049461071991836,
    "acc,none": 0.5163982146322531,
    "acc_stderr,none": 0.006962230326368326
  }
}