{
  "lambada_openai": {
    "alias": "lambada_openai",
    "perplexity,none": 4769.575228084054,
    "perplexity_stderr,none": 192.20716065737494,
    "acc,none": 0.038230157189986416,
    "acc_stderr,none": 0.002671472403787126
  }
}