{
  "arc_challenge": {
    "alias": "arc_challenge",
    "acc,none": 0.17491467576791808,
    "acc_stderr,none": 0.011101562501828229,
    "acc_norm,none": 0.21843003412969283,
    "acc_norm_stderr,none": 0.012074291605700975
  },
  "arc_easy": {
    "alias": "arc_easy",
    "acc,none": 0.37542087542087543,
    "acc_stderr,none": 0.00993621852711428,
    "acc_norm,none": 0.3522727272727273,
    "acc_norm_stderr,none": 0.009801753933112785
  },
  "hellaswag": {
    "alias": "hellaswag",
    "acc,none": 0.2665803624775941,
    "acc_stderr,none": 0.004412674170976502,
    "acc_norm,none": 0.27375024895439154,
    "acc_norm_stderr,none": 0.004449710700861774
  },
  "lambada_openai": {
    "alias": "lambada_openai",
    "perplexity,none": 130.9642545744434,
    "perplexity_stderr,none": 5.501209067966998,
    "acc,none": 0.22705220260042694,
    "acc_stderr,none": 0.005836466732850104
  },
  "logiqa": {
    "alias": "logiqa",
    "acc,none": 0.2119815668202765,
    "acc_stderr,none": 0.016030997960619398,
    "acc_norm,none": 0.2780337941628264,
    "acc_norm_stderr,none": 0.01757318777028271
  },
  "logiqa2": {
    "alias": "logiqa2",
    "acc,none": 0.24045801526717558,
    "acc_stderr,none": 0.010782201136007911,
    "acc_norm,none": 0.2779898218829516,
    "acc_norm_stderr,none": 0.011303111585599292
  },
  "openbookqa": {
    "alias": "openbookqa",
    "acc,none": 0.126,
    "acc_stderr,none": 0.014855617750787541,
    "acc_norm,none": 0.254,
    "acc_norm_stderr,none": 0.01948659680164337
  },
  "piqa": {
    "alias": "piqa",
    "acc,none": 0.5984766050054406,
    "acc_stderr,none": 0.011437324373397844,
    "acc_norm,none": 0.5919477693144722,
    "acc_norm_stderr,none": 0.011466872778651264
  },
  "sciq": {
    "alias": "sciq",
    "acc,none": 0.64,
    "acc_stderr,none": 0.015186527932040117,
    "acc_norm,none": 0.564,
    "acc_norm_stderr,none": 0.015689173023144064
  },
  "winogrande": {
    "alias": "winogrande",
    "acc,none": 0.5295974743488555,
    "acc_stderr,none": 0.014027843827840085
  }
}