{
  "lambada_openai": {
    "alias": "lambada_openai",
    "perplexity,none": 117.588307019098,
    "perplexity_stderr,none": 4.7571113806929946,
    "acc,none": 0.21463225305647196,
    "acc_stderr,none": 0.005720000885737489
  }
}