{
  "lambada_openai": {
    "alias": "lambada_openai",
    "perplexity,none": 130.9760420570484,
    "perplexity_stderr,none": 5.50006895692517,
    "acc,none": 0.223170968367941,
    "acc_stderr,none": 0.005800876848704305
  }
}