{
  "lambada_openai": {
    "alias": "lambada_openai",
    "perplexity,none": 109.42314183773611,
    "perplexity_stderr,none": 4.477923317254769,
    "acc,none": 0.23054531340966428,
    "acc_stderr,none": 0.005867887062489242
  }
}