{
  "lambada_openai": {
    "alias": "lambada_openai",
    "perplexity,none": 114.65220827032222,
    "perplexity_stderr,none": 4.927977397859111,
    "acc,none": 0.24374150980011644,
    "acc_stderr,none": 0.005981525423321766
  }
}