{
  "lambada_openai": {
    "alias": "lambada_openai",
    "perplexity,none": 134.60818663719357,
    "perplexity_stderr,none": 5.471550086904621,
    "acc,none": 0.2123035125169804,
    "acc_stderr,none": 0.0056973134927381765
  }
}