{
  "lambada_openai": {
    "alias": "lambada_openai",
    "perplexity,none": 134.6680969768908,
    "perplexity_stderr,none": 5.601405065154017,
    "acc,none": 0.20958664855424025,
    "acc_stderr,none": 0.0056704955394268515
  }
}