{
  "lambada_openai": {
    "alias": "lambada_openai",
    "perplexity,none": 122.23868173416963,
    "perplexity_stderr,none": 5.260982117312078,
    "acc,none": 0.2297690665631671,
    "acc_stderr,none": 0.005860954245584601
  }
}