{
  "lambada_openai": {
    "alias": "lambada_openai",
    "perplexity,none": 136.50858069034177,
    "perplexity_stderr,none": 5.721841488305005,
    "acc,none": 0.22103628954007373,
    "acc_stderr,none": 0.005780993438934152
  }
}