{
  "lambada_openai": {
    "alias": "lambada_openai",
    "perplexity,none": 118.09149934340284,
    "perplexity_stderr,none": 4.933346438126942,
    "acc,none": 0.2235590917911896,
    "acc_stderr,none": 0.005804468325060084
  }
}