{
  "lambada_openai": {
    "alias": "lambada_openai",
    "perplexity,none": 153.0051483272526,
    "perplexity_stderr,none": 6.534018910544504,
    "acc,none": 0.2068697845915001,
    "acc_stderr,none": 0.005643296276111003
  }
}