{
  "lambada_openai": {
    "alias": "lambada_openai",
    "perplexity,none": 124.43079714246979,
    "perplexity_stderr,none": 5.296114571785337,
    "acc,none": 0.22957500485154278,
    "acc_stderr,none": 0.005859216640699754
  }
}