{
  "lambada_openai": {
    "alias": "lambada_openai",
    "perplexity,none": 131.85751887220863,
    "perplexity_stderr,none": 5.654297392304244,
    "acc,none": 0.22549970890743257,
    "acc_stderr,none": 0.005822317148514981
  }
}