{
  "lambada_openai": {
    "alias": "lambada_openai",
    "perplexity,none": 126.65936849812292,
    "perplexity_stderr,none": 5.293788435698241,
    "acc,none": 0.2291868814282942,
    "acc_stderr,none": 0.0058557361391759905
  }
}