{
  "lambada_openai": {
    "alias": "lambada_openai",
    "perplexity,none": 125.3746775407078,
    "perplexity_stderr,none": 5.262082771178669,
    "acc,none": 0.22647001746555404,
    "acc_stderr,none": 0.005831174064078722
  }
}