{
  "lambada_openai": {
    "alias": "lambada_openai",
    "perplexity,none": 83.62346627495633,
    "perplexity_stderr,none": 3.4584256697855045,
    "acc,none": 0.27226858140888804,
    "acc_stderr,none": 0.006201495026535795
  }
}