{
  "lambada_openai": {
    "alias": "lambada_openai",
    "perplexity,none": 87.50642049352099,
    "perplexity_stderr,none": 3.7591528610180402,
    "acc,none": 0.2728507665437609,
    "acc_stderr,none": 0.00620563799172666
  }
}