{
  "lambada_openai": {
    "alias": "lambada_openai",
    "perplexity,none": 132.406719532998,
    "perplexity_stderr,none": 5.70626084970392,
    "acc,none": 0.22161847467494664,
    "acc_stderr,none": 0.005786438122097193
  }
}