{
  "lambada_openai": {
    "alias": "lambada_openai",
    "perplexity,none": 142.5167601373304,
    "perplexity_stderr,none": 6.026793512377389,
    "acc,none": 0.21560256161459343,
    "acc_stderr,none": 0.005729373228646393
  }
}