{
  "lambada_openai": {
    "alias": "lambada_openai",
    "perplexity,none": 121.4417841664928,
    "perplexity_stderr,none": 5.187230935767186,
    "acc,none": 0.2289928197166699,
    "acc_stderr,none": 0.005853993239390881
  }
}