{
  "lambada_openai": {
    "alias": "lambada_openai",
    "perplexity,none": 132.51298746323516,
    "perplexity_stderr,none": 5.528933140402781,
    "acc,none": 0.22123035125169804,
    "acc_stderr,none": 0.005782810166965966
  }
}