{
  "lambada_openai": {
    "alias": "lambada_openai",
    "perplexity,none": 105.09944835583379,
    "perplexity_stderr,none": 4.454907347072262,
    "acc,none": 0.25325053366970696,
    "acc_stderr,none": 0.006058634002437447
  }
}