{
  "lambada_openai": {
    "alias": "lambada_openai",
    "perplexity,none": 151.5245807135501,
    "perplexity_stderr,none": 6.69300740336187,
    "acc,none": 0.21560256161459343,
    "acc_stderr,none": 0.005729373228646397
  }
}