{
  "lambada_openai": {
    "alias": "lambada_openai",
    "perplexity,none": 112.47962503690412,
    "perplexity_stderr,none": 4.8338522003999955,
    "acc,none": 0.24354744808849213,
    "acc_stderr,none": 0.005979910866467495
  }
}