{
  "lambada_openai": {
    "alias": "lambada_openai",
    "perplexity,none": 114.15557894853113,
    "perplexity_stderr,none": 4.6476503391895045,
    "acc,none": 0.22278284494469242,
    "acc_stderr,none": 0.0057972781038051185
  }
}