{
  "lambada_openai": {
    "alias": "lambada_openai",
    "perplexity,none": 113.87719071030509,
    "perplexity_stderr,none": 4.880273544319649,
    "acc,none": 0.24801086745585096,
    "acc_stderr,none": 0.0060166286956841635
  }
}