{
  "lambada_openai": {
    "alias": "lambada_openai",
    "perplexity,none": 128.29609641960482,
    "perplexity_stderr,none": 5.367571650534822,
    "acc,none": 0.21831942557733358,
    "acc_stderr,none": 0.0057553656775636685
  }
}