{
  "lambada_openai": {
    "alias": "lambada_openai",
    "perplexity,none": 120.71086996522762,
    "perplexity_stderr,none": 5.115785018699053,
    "acc,none": 0.2334562390840287,
    "acc_stderr,none": 0.005893635758408491
  }
}