{
  "lambada_openai": {
    "alias": "lambada_openai",
    "perplexity,none": 125.1734105649601,
    "perplexity_stderr,none": 5.282937554428283,
    "acc,none": 0.2286046962934213,
    "acc_stderr,none": 0.005850502133881982
  }
}