{
  "lambada_openai": {
    "alias": "lambada_openai",
    "perplexity,none": 126.18680588101827,
    "perplexity_stderr,none": 5.383185661998415,
    "acc,none": 0.23073937512128856,
    "acc_stderr,none": 0.005869615873852904
  }
}