{
  "lambada_openai": {
    "alias": "lambada_openai",
    "perplexity,none": 119.90739897292131,
    "perplexity_stderr,none": 4.8673506528296215,
    "acc,none": 0.21890161071220648,
    "acc_stderr,none": 0.0057608878745575584
  }
}