{
  "lambada_openai": {
    "alias": "lambada_openai",
    "perplexity,none": 128.33697357230204,
    "perplexity_stderr,none": 5.480576042393573,
    "acc,none": 0.2287987580050456,
    "acc_stderr,none": 0.005852248571486841
  }
}