{
  "lambada_openai": {
    "alias": "lambada_openai",
    "perplexity,none": 106.41764797126575,
    "perplexity_stderr,none": 4.3909073866696975,
    "acc,none": 0.23267999223753152,
    "acc_stderr,none": 0.005886807769598477
  }
}