{
  "lambada_openai": {
    "alias": "lambada_openai",
    "perplexity,none": 127.58237638070538,
    "perplexity_stderr,none": 5.340891236217097,
    "acc,none": 0.22763438773529981,
    "acc_stderr,none": 0.005841743344741917
  }
}