{
  "lambada_openai": {
    "alias": "lambada_openai",
    "perplexity,none": 121.32464287038972,
    "perplexity_stderr,none": 5.12189380445482,
    "acc,none": 0.22278284494469242,
    "acc_stderr,none": 0.005797278103805118
  }
}