{
  "lambada_openai": {
    "alias": "lambada_openai",
    "perplexity,none": 131.27571809001861,
    "perplexity_stderr,none": 5.46287019704293,
    "acc,none": 0.2233650300795653,
    "acc_stderr,none": 0.005802673494605817
  }
}