{
  "lambada_openai": {
    "alias": "lambada_openai",
    "perplexity,none": 154.281003946111,
    "perplexity_stderr,none": 7.185027512370014,
    "acc,none": 0.22084222782844945,
    "acc_stderr,none": 0.0057791748749531045
  }
}