{
  "lambada_openai": {
    "alias": "lambada_openai",
    "perplexity,none": 127.90668261373061,
    "perplexity_stderr,none": 5.377010076055978,
    "acc,none": 0.2286046962934213,
    "acc_stderr,none": 0.005850502133881982
  }
}