{
  "lambada_openai": {
    "alias": "lambada_openai",
    "perplexity,none": 125.59300010359809,
    "perplexity_stderr,none": 5.320562983424354,
    "acc,none": 0.22821657287017272,
    "acc_stderr,none": 0.005847003943226629
  }
}