{
  "lambada_openai": {
    "alias": "lambada_openai",
    "perplexity,none": 137.00940332247654,
    "perplexity_stderr,none": 5.829300241846262,
    "acc,none": 0.20784009314962157,
    "acc_stderr,none": 0.00565305441591249
  }
}