{
  "lambada_openai": {
    "alias": "lambada_openai",
    "perplexity,none": 134.81956455703624,
    "perplexity_stderr,none": 5.758373099691601,
    "acc,none": 0.223170968367941,
    "acc_stderr,none": 0.005800876848704304
  }
}