{
  "lambada_openai": {
    "alias": "lambada_openai",
    "perplexity,none": 128.46536879265466,
    "perplexity_stderr,none": 5.393369696665288,
    "acc,none": 0.2185134872889579,
    "acc_stderr,none": 0.005757208268098948
  }
}