{
  "lambada_openai": {
    "alias": "lambada_openai",
    "perplexity,none": 113.67378802881622,
    "perplexity_stderr,none": 4.721972353527457,
    "acc,none": 0.23287405394915583,
    "acc_stderr,none": 0.005888517371093038
  }
}