{
  "lambada_openai": {
    "alias": "lambada_openai",
    "perplexity,none": 138.0644293270653,
    "perplexity_stderr,none": 5.965767468189974,
    "acc,none": 0.22006598098195226,
    "acc_stderr,none": 0.0057718822248036036
  }
}