{
  "lambada_openai": {
    "alias": "lambada_openai",
    "perplexity,none": 128.21830562457876,
    "perplexity_stderr,none": 5.400720533786379,
    "acc,none": 0.2243353386376868,
    "acc_stderr,none": 0.0058116295260170776
  }
}