{
  "lambada_openai": {
    "alias": "lambada_openai",
    "perplexity,none": 135.04959411816475,
    "perplexity_stderr,none": 5.643686758753665,
    "acc,none": 0.22200659809819523,
    "acc_stderr,none": 0.005790058754138103
  }
}