{
  "lambada_openai": {
    "alias": "lambada_openai",
    "perplexity,none": 134.4139621712036,
    "perplexity_stderr,none": 5.628503317857617,
    "acc,none": 0.21987191927032795,
    "acc_stderr,none": 0.0057700544549915645
  }
}