{
  "lambada_openai": {
    "alias": "lambada_openai",
    "perplexity,none": 107.16108699360255,
    "perplexity_stderr,none": 4.449476691019769,
    "acc,none": 0.24044246070250339,
    "acc_stderr,none": 0.005953851443366014
  }
}