{
  "lambada_openai": {
    "alias": "lambada_openai",
    "perplexity,none": 119.34847703257833,
    "perplexity_stderr,none": 4.984764251988014,
    "acc,none": 0.23132156025616146,
    "acc_stderr,none": 0.0058747917899011235
  }
}